user_id,property_id,interaction_type,timestamp
46,34,click,2024-01-01 00:00:00
42,366,click,2024-01-01 01:00:00
59,256,save,2024-01-01 02:00:00
1,215,click,2024-01-01 03:00:00
88,284,click,2024-01-01 04:00:00
53,494,click,2024-01-01 05:00:00
93,116,invest,2024-01-01 06:00:00
52,442,invest,2024-01-01 07:00:00
45,420,save,2024-01-01 08:00:00
40,431,click,2024-01-01 09:00:00
10,255,click,2024-01-01 10:00:00
46,286,click,2024-01-01 11:00:00
62,92,click,2024-01-01 12:00:00
99,391,click,2024-01-01 13:00:00
45,320,invest,2024-01-01 14:00:00
95,50,invest,2024-01-01 15:00:00
80,179,click,2024-01-01 16:00:00
78,411,save,2024-01-01 17:00:00
38,138,invest,2024-01-01 18:00:00
17,130,click,2024-01-01 19:00:00
95,110,click,2024-01-01 20:00:00
22,76,click,2024-01-01 21:00:00
61,447,click,2024-01-01 22:00:00
15,382,click,2024-01-01 23:00:00
57,35,click,2024-01-02 00:00:00
14,264,click,2024-01-02 01:00:00
77,72,click,2024-01-02 02:00:00
94,186,click,2024-01-02 03:00:00
99,351,save,2024-01-02 04:00:00
100,414,click,2024-01-02 05:00:00
25,6,save,2024-01-02 06:00:00
87,76,save,2024-01-02 07:00:00
51,248,save,2024-01-02 08:00:00
22,75,click,2024-01-02 09:00:00
95,302,click,2024-01-02 10:00:00
90,355,click,2024-01-02 11:00:00
13,249,save,2024-01-02 12:00:00
8,277,click,2024-01-02 13:00:00
2,368,click,2024-01-02 14:00:00
13,368,click,2024-01-02 15:00:00
8,175,click,2024-01-02 16:00:00
89,202,save,2024-01-02 17:00:00
40,452,click,2024-01-02 18:00:00
55,300,click,2024-01-02 19:00:00
70,399,invest,2024-01-02 20:00:00
53,480,invest,2024-01-02 21:00:00
62,126,save,2024-01-02 22:00:00
4,402,click,2024-01-02 23:00:00
61,319,click,2024-01-03 00:00:00
55,167,click,2024-01-03 01:00:00
32,425,click,2024-01-03 02:00:00
56,374,save,2024-01-03 03:00:00
68,458,click,2024-01-03 04:00:00
94,388,click,2024-01-03 05:00:00
72,395,click,2024-01-03 06:00:00
71,229,click,2024-01-03 07:00:00
6,227,save,2024-01-03 08:00:00
66,263,click,2024-01-03 09:00:00
95,446,save,2024-01-03 10:00:00
38,63,click,2024-01-03 11:00:00
54,77,click,2024-01-03 12:00:00
74,468,invest,2024-01-03 13:00:00
42,115,click,2024-01-03 14:00:00
99,117,click,2024-01-03 15:00:00
77,208,click,2024-01-03 16:00:00
76,304,click,2024-01-03 17:00:00
38,366,click,2024-01-03 18:00:00
24,305,click,2024-01-03 19:00:00
8,22,click,2024-01-03 20:00:00
75,320,click,2024-01-03 21:00:00
94,389,click,2024-01-03 22:00:00
76,78,invest,2024-01-03 23:00:00
56,458,save,2024-01-04 00:00:00
39,308,save,2024-01-04 01:00:00
84,79,save,2024-01-04 02:00:00
19,7,click,2024-01-04 03:00:00
32,54,save,2024-01-04 04:00:00
1,161,click,2024-01-04 05:00:00
53,306,click,2024-01-04 06:00:00
83,217,click,2024-01-04 07:00:00
65,7,click,2024-01-04 08:00:00
57,346,invest,2024-01-04 09:00:00
43,194,invest,2024-01-04 10:00:00
11,320,click,2024-01-04 11:00:00
55,79,save,2024-01-04 12:00:00
16,105,invest,2024-01-04 13:00:00
13,365,click,2024-01-04 14:00:00
20,388,click,2024-01-04 15:00:00
1,318,click,2024-01-04 16:00:00
64,386,click,2024-01-04 17:00:00
59,108,save,2024-01-04 18:00:00
74,14,save,2024-01-04 19:00:00
6,414,save,2024-01-04 20:00:00
42,124,save,2024-01-04 21:00:00
63,162,invest,2024-01-04 22:00:00
17,251,save,2024-01-04 23:00:00
29,106,save,2024-01-05 00:00:00
31,39,save,2024-01-05 01:00:00
23,112,click,2024-01-05 02:00:00
70,38,click,2024-01-05 03:00:00
2,171,click,2024-01-05 04:00:00
10,386,click,2024-01-05 05:00:00
73,470,click,2024-01-05 06:00:00
24,75,click,2024-01-05 07:00:00
3,159,click,2024-01-05 08:00:00
60,93,invest,2024-01-05 09:00:00
97,58,save,2024-01-05 10:00:00
57,238,invest,2024-01-05 11:00:00
38,258,click,2024-01-05 12:00:00
81,309,click,2024-01-05 13:00:00
93,99,click,2024-01-05 14:00:00
57,51,click,2024-01-05 15:00:00
82,400,click,2024-01-05 16:00:00
91,153,click,2024-01-05 17:00:00
61,430,click,2024-01-05 18:00:00
72,354,save,2024-01-05 19:00:00
5,1,click,2024-01-05 20:00:00
31,50,save,2024-01-05 21:00:00
21,24,click,2024-01-05 22:00:00
70,63,invest,2024-01-05 23:00:00
61,125,click,2024-01-06 00:00:00
95,291,invest,2024-01-06 01:00:00
5,127,save,2024-01-06 02:00:00
4,3,click,2024-01-06 03:00:00
60,411,click,2024-01-06 04:00:00
19,410,save,2024-01-06 05:00:00
73,169,save,2024-01-06 06:00:00
95,429,click,2024-01-06 07:00:00
96,388,click,2024-01-06 08:00:00
87,129,click,2024-01-06 09:00:00
11,333,invest,2024-01-06 10:00:00
97,319,invest,2024-01-06 11:00:00
1,167,click,2024-01-06 12:00:00
2,252,click,2024-01-06 13:00:00
43,356,click,2024-01-06 14:00:00
7,68,save,2024-01-06 15:00:00
6,399,click,2024-01-06 16:00:00
63,283,click,2024-01-06 17:00:00
29,404,save,2024-01-06 18:00:00
4,211,save,2024-01-06 19:00:00
28,369,invest,2024-01-06 20:00:00
68,403,save,2024-01-06 21:00:00
9,362,click,2024-01-06 22:00:00
5,370,click,2024-01-06 23:00:00
80,127,click,2024-01-07 00:00:00
38,193,click,2024-01-07 01:00:00
100,304,save,2024-01-07 02:00:00
27,415,click,2024-01-07 03:00:00
23,367,click,2024-01-07 04:00:00
89,43,click,2024-01-07 05:00:00
29,103,save,2024-01-07 06:00:00
34,153,invest,2024-01-07 07:00:00
43,418,save,2024-01-07 08:00:00
34,149,click,2024-01-07 09:00:00
42,300,click,2024-01-07 10:00:00
79,284,save,2024-01-07 11:00:00
2,154,click,2024-01-07 12:00:00
9,343,click,2024-01-07 13:00:00
88,143,save,2024-01-07 14:00:00
65,277,click,2024-01-07 15:00:00
95,256,click,2024-01-07 16:00:00
10,25,click,2024-01-07 17:00:00
67,440,click,2024-01-07 18:00:00
87,172,click,2024-01-07 19:00:00
49,280,invest,2024-01-07 20:00:00
58,279,invest,2024-01-07 21:00:00
50,373,click,2024-01-07 22:00:00
86,119,click,2024-01-07 23:00:00
93,333,save,2024-01-08 00:00:00
24,47,click,2024-01-08 01:00:00
72,373,click,2024-01-08 02:00:00
74,84,invest,2024-01-08 03:00:00
75,131,click,2024-01-08 04:00:00
99,380,save,2024-01-08 05:00:00
53,359,click,2024-01-08 06:00:00
18,238,click,2024-01-08 07:00:00
29,216,save,2024-01-08 08:00:00
21,173,save,2024-01-08 09:00:00
44,175,click,2024-01-08 10:00:00
54,370,click,2024-01-08 11:00:00
21,65,click,2024-01-08 12:00:00
86,314,click,2024-01-08 13:00:00
4,428,save,2024-01-08 14:00:00
29,433,click,2024-01-08 15:00:00
18,5,click,2024-01-08 16:00:00
57,374,save,2024-01-08 17:00:00
79,70,click,2024-01-08 18:00:00
64,190,save,2024-01-08 19:00:00
94,456,click,2024-01-08 20:00:00
62,54,click,2024-01-08 21:00:00
90,15,click,2024-01-08 22:00:00
44,416,invest,2024-01-08 23:00:00
77,472,click,2024-01-09 00:00:00
3,293,click,2024-01-09 01:00:00
23,448,click,2024-01-09 02:00:00
37,45,save,2024-01-09 03:00:00
91,173,click,2024-01-09 04:00:00
32,129,click,2024-01-09 05:00:00
30,427,click,2024-01-09 06:00:00
42,156,click,2024-01-09 07:00:00
22,150,save,2024-01-09 08:00:00
83,235,click,2024-01-09 09:00:00
47,119,save,2024-01-09 10:00:00
55,135,click,2024-01-09 11:00:00
68,22,click,2024-01-09 12:00:00
12,280,save,2024-01-09 13:00:00
89,98,save,2024-01-09 14:00:00
91,171,click,2024-01-09 15:00:00
14,273,click,2024-01-09 16:00:00
39,399,click,2024-01-09 17:00:00
25,133,click,2024-01-09 18:00:00
69,4,click,2024-01-09 19:00:00
55,324,click,2024-01-09 20:00:00
54,452,click,2024-01-09 21:00:00
88,404,click,2024-01-09 22:00:00
73,341,click,2024-01-09 23:00:00
19,495,save,2024-01-10 00:00:00
91,151,click,2024-01-10 01:00:00
12,409,invest,2024-01-10 02:00:00
17,82,click,2024-01-10 03:00:00
83,58,click,2024-01-10 04:00:00
64,453,save,2024-01-10 05:00:00
83,138,click,2024-01-10 06:00:00
18,375,invest,2024-01-10 07:00:00
62,71,click,2024-01-10 08:00:00
32,231,click,2024-01-10 09:00:00
62,293,save,2024-01-10 10:00:00
57,309,click,2024-01-10 11:00:00
38,240,invest,2024-01-10 12:00:00
79,6,invest,2024-01-10 13:00:00
43,97,save,2024-01-10 14:00:00
85,270,click,2024-01-10 15:00:00
10,199,save,2024-01-10 16:00:00
100,1,click,2024-01-10 17:00:00
89,412,click,2024-01-10 18:00:00
13,242,click,2024-01-10 19:00:00
67,99,invest,2024-01-10 20:00:00
19,197,save,2024-01-10 21:00:00
38,318,save,2024-01-10 22:00:00
65,122,invest,2024-01-10 23:00:00
27,321,save,2024-01-11 00:00:00
43,175,click,2024-01-11 01:00:00
66,315,save,2024-01-11 02:00:00
64,175,click,2024-01-11 03:00:00
48,64,click,2024-01-11 04:00:00
56,22,click,2024-01-11 05:00:00
29,285,save,2024-01-11 06:00:00
71,412,save,2024-01-11 07:00:00
11,346,click,2024-01-11 08:00:00
20,18,click,2024-01-11 09:00:00
19,218,save,2024-01-11 10:00:00
73,85,click,2024-01-11 11:00:00
20,453,click,2024-01-11 12:00:00
75,212,click,2024-01-11 13:00:00
99,445,save,2024-01-11 14:00:00
61,227,click,2024-01-11 15:00:00
58,59,click,2024-01-11 16:00:00
41,350,click,2024-01-11 17:00:00
31,6,save,2024-01-11 18:00:00
74,445,click,2024-01-11 19:00:00
43,223,save,2024-01-11 20:00:00
69,2,click,2024-01-11 21:00:00
57,174,click,2024-01-11 22:00:00
35,17,save,2024-01-11 23:00:00
44,31,click,2024-01-12 00:00:00
63,461,save,2024-01-12 01:00:00
15,227,click,2024-01-12 02:00:00
76,416,click,2024-01-12 03:00:00
65,234,click,2024-01-12 04:00:00
70,198,click,2024-01-12 05:00:00
23,184,click,2024-01-12 06:00:00
39,266,click,2024-01-12 07:00:00
98,491,click,2024-01-12 08:00:00
5,285,invest,2024-01-12 09:00:00
62,271,click,2024-01-12 10:00:00
93,280,save,2024-01-12 11:00:00
51,141,click,2024-01-12 12:00:00
47,436,click,2024-01-12 13:00:00
32,367,click,2024-01-12 14:00:00
39,260,save,2024-01-12 15:00:00
72,362,click,2024-01-12 16:00:00
78,278,click,2024-01-12 17:00:00
12,227,click,2024-01-12 18:00:00
80,135,click,2024-01-12 19:00:00
4,263,save,2024-01-12 20:00:00
18,270,click,2024-01-12 21:00:00
3,64,save,2024-01-12 22:00:00
80,438,save,2024-01-12 23:00:00
40,225,invest,2024-01-13 00:00:00
3,198,click,2024-01-13 01:00:00
51,322,click,2024-01-13 02:00:00
92,154,save,2024-01-13 03:00:00
36,468,click,2024-01-13 04:00:00
53,337,save,2024-01-13 05:00:00
62,328,invest,2024-01-13 06:00:00
23,80,click,2024-01-13 07:00:00
53,228,save,2024-01-13 08:00:00
45,325,click,2024-01-13 09:00:00
66,35,click,2024-01-13 10:00:00
10,417,click,2024-01-13 11:00:00
79,172,click,2024-01-13 12:00:00
23,496,click,2024-01-13 13:00:00
49,293,click,2024-01-13 14:00:00
86,392,invest,2024-01-13 15:00:00
90,203,save,2024-01-13 16:00:00
86,398,click,2024-01-13 17:00:00
44,379,save,2024-01-13 18:00:00
89,378,click,2024-01-13 19:00:00
44,113,click,2024-01-13 20:00:00
41,94,click,2024-01-13 21:00:00
33,216,click,2024-01-13 22:00:00
28,159,click,2024-01-13 23:00:00
48,252,save,2024-01-14 00:00:00
15,41,click,2024-01-14 01:00:00
12,395,click,2024-01-14 02:00:00
96,86,save,2024-01-14 03:00:00
15,308,invest,2024-01-14 04:00:00
56,100,click,2024-01-14 05:00:00
29,399,click,2024-01-14 06:00:00
95,76,click,2024-01-14 07:00:00
82,172,invest,2024-01-14 08:00:00
74,330,click,2024-01-14 09:00:00
82,125,click,2024-01-14 10:00:00
81,107,click,2024-01-14 11:00:00
11,124,click,2024-01-14 12:00:00
42,112,click,2024-01-14 13:00:00
42,23,click,2024-01-14 14:00:00
58,134,save,2024-01-14 15:00:00
16,266,click,2024-01-14 16:00:00
11,82,click,2024-01-14 17:00:00
35,472,click,2024-01-14 18:00:00
41,252,click,2024-01-14 19:00:00
5,247,click,2024-01-14 20:00:00
82,198,invest,2024-01-14 21:00:00
41,311,save,2024-01-14 22:00:00
4,54,click,2024-01-14 23:00:00
76,391,click,2024-01-15 00:00:00
100,46,click,2024-01-15 01:00:00
65,243,save,2024-01-15 02:00:00
87,22,invest,2024-01-15 03:00:00
14,363,click,2024-01-15 04:00:00
1,72,click,2024-01-15 05:00:00
6,482,invest,2024-01-15 06:00:00
86,401,save,2024-01-15 07:00:00
3,29,invest,2024-01-15 08:00:00
42,374,click,2024-01-15 09:00:00
1,229,click,2024-01-15 10:00:00
97,377,click,2024-01-15 11:00:00
59,98,click,2024-01-15 12:00:00
24,401,save,2024-01-15 13:00:00
27,243,click,2024-01-15 14:00:00
78,144,click,2024-01-15 15:00:00
26,342,click,2024-01-15 16:00:00
93,351,click,2024-01-15 17:00:00
84,252,click,2024-01-15 18:00:00
65,351,click,2024-01-15 19:00:00
44,145,click,2024-01-15 20:00:00
16,317,click,2024-01-15 21:00:00
16,152,click,2024-01-15 22:00:00
4,246,click,2024-01-15 23:00:00
11,325,click,2024-01-16 00:00:00
6,486,save,2024-01-16 01:00:00
41,274,click,2024-01-16 02:00:00
93,443,save,2024-01-16 03:00:00
44,44,click,2024-01-16 04:00:00
55,296,click,2024-01-16 05:00:00
15,122,click,2024-01-16 06:00:00
89,65,save,2024-01-16 07:00:00
11,475,save,2024-01-16 08:00:00
43,427,invest,2024-01-16 09:00:00
67,292,click,2024-01-16 10:00:00
5,292,click,2024-01-16 11:00:00
43,374,click,2024-01-16 12:00:00
95,498,click,2024-01-16 13:00:00
87,432,click,2024-01-16 14:00:00
34,362,click,2024-01-16 15:00:00
83,448,click,2024-01-16 16:00:00
91,40,save,2024-01-16 17:00:00
33,197,click,2024-01-16 18:00:00
90,416,click,2024-01-16 19:00:00
72,432,save,2024-01-16 20:00:00
17,47,click,2024-01-16 21:00:00
54,318,click,2024-01-16 22:00:00
13,117,click,2024-01-16 23:00:00
63,383,save,2024-01-17 00:00:00
99,288,click,2024-01-17 01:00:00
35,387,save,2024-01-17 02:00:00
82,99,click,2024-01-17 03:00:00
40,49,save,2024-01-17 04:00:00
93,117,click,2024-01-17 05:00:00
99,487,click,2024-01-17 06:00:00
90,41,click,2024-01-17 07:00:00
32,196,click,2024-01-17 08:00:00
14,455,click,2024-01-17 09:00:00
96,181,save,2024-01-17 10:00:00
66,474,click,2024-01-17 11:00:00
96,350,click,2024-01-17 12:00:00
7,3,click,2024-01-17 13:00:00
5,249,click,2024-01-17 14:00:00
51,34,click,2024-01-17 15:00:00
19,185,click,2024-01-17 16:00:00
3,138,click,2024-01-17 17:00:00
66,395,click,2024-01-17 18:00:00
47,310,save,2024-01-17 19:00:00
4,300,click,2024-01-17 20:00:00
88,432,click,2024-01-17 21:00:00
30,121,click,2024-01-17 22:00:00
87,71,save,2024-01-17 23:00:00
73,117,click,2024-01-18 00:00:00
99,361,click,2024-01-18 01:00:00
81,317,click,2024-01-18 02:00:00
35,266,invest,2024-01-18 03:00:00
88,312,save,2024-01-18 04:00:00
53,455,click,2024-01-18 05:00:00
77,44,click,2024-01-18 06:00:00
40,71,save,2024-01-18 07:00:00
56,459,click,2024-01-18 08:00:00
47,253,click,2024-01-18 09:00:00
79,200,invest,2024-01-18 10:00:00
38,437,click,2024-01-18 11:00:00
50,492,click,2024-01-18 12:00:00
74,465,save,2024-01-18 13:00:00
48,148,click,2024-01-18 14:00:00
29,340,click,2024-01-18 15:00:00
48,463,save,2024-01-18 16:00:00
23,401,click,2024-01-18 17:00:00
5,436,click,2024-01-18 18:00:00
53,347,click,2024-01-18 19:00:00
77,15,click,2024-01-18 20:00:00
48,349,click,2024-01-18 21:00:00
79,205,click,2024-01-18 22:00:00
3,248,click,2024-01-18 23:00:00
60,330,save,2024-01-19 00:00:00
48,105,click,2024-01-19 01:00:00
52,19,save,2024-01-19 02:00:00
10,288,click,2024-01-19 03:00:00
10,439,click,2024-01-19 04:00:00
17,169,click,2024-01-19 05:00:00
100,349,click,2024-01-19 06:00:00
7,21,click,2024-01-19 07:00:00
90,483,click,2024-01-19 08:00:00
73,484,click,2024-01-19 09:00:00
52,191,click,2024-01-19 10:00:00
50,481,click,2024-01-19 11:00:00
80,24,click,2024-01-19 12:00:00
27,458,click,2024-01-19 13:00:00
33,65,click,2024-01-19 14:00:00
13,226,click,2024-01-19 15:00:00
79,5,click,2024-01-19 16:00:00
13,133,click,2024-01-19 17:00:00
74,16,save,2024-01-19 18:00:00
47,283,invest,2024-01-19 19:00:00
59,216,click,2024-01-19 20:00:00
67,413,click,2024-01-19 21:00:00
71,413,invest,2024-01-19 22:00:00
79,319,click,2024-01-19 23:00:00
16,437,click,2024-01-20 00:00:00
98,432,click,2024-01-20 01:00:00
2,166,click,2024-01-20 02:00:00
95,170,click,2024-01-20 03:00:00
7,217,save,2024-01-20 04:00:00
34,482,save,2024-01-20 05:00:00
75,156,click,2024-01-20 06:00:00
11,386,click,2024-01-20 07:00:00
66,384,click,2024-01-20 08:00:00
47,167,click,2024-01-20 09:00:00
3,147,invest,2024-01-20 10:00:00
15,402,click,2024-01-20 11:00:00
98,167,save,2024-01-20 12:00:00
86,74,click,2024-01-20 13:00:00
36,120,click,2024-01-20 14:00:00
57,230,invest,2024-01-20 15:00:00
66,17,save,2024-01-20 16:00:00
62,237,click,2024-01-20 17:00:00
67,42,click,2024-01-20 18:00:00
99,29,click,2024-01-20 19:00:00
36,264,click,2024-01-20 20:00:00
5,156,invest,2024-01-20 21:00:00
58,404,click,2024-01-20 22:00:00
62,193,click,2024-01-20 23:00:00
9,248,save,2024-01-21 00:00:00
92,76,click,2024-01-21 01:00:00
18,161,click,2024-01-21 02:00:00
59,445,click,2024-01-21 03:00:00
75,401,click,2024-01-21 04:00:00
69,425,click,2024-01-21 05:00:00
11,443,click,2024-01-21 06:00:00
2,418,click,2024-01-21 07:00:00
81,156,click,2024-01-21 08:00:00
98,248,click,2024-01-21 09:00:00
59,456,click,2024-01-21 10:00:00
62,271,click,2024-01-21 11:00:00
77,155,invest,2024-01-21 12:00:00
1,463,click,2024-01-21 13:00:00
69,343,save,2024-01-21 14:00:00
27,394,click,2024-01-21 15:00:00
94,176,save,2024-01-21 16:00:00
30,31,click,2024-01-21 17:00:00
46,293,click,2024-01-21 18:00:00
82,60,save,2024-01-21 19:00:00
57,167,invest,2024-01-21 20:00:00
76,480,invest,2024-01-21 21:00:00
70,236,click,2024-01-21 22:00:00
54,3,click,2024-01-21 23:00:00
5,34,invest,2024-01-22 00:00:00
96,66,invest,2024-01-22 01:00:00
38,174,click,2024-01-22 02:00:00
7,74,save,2024-01-22 03:00:00
98,32,save,2024-01-22 04:00:00
64,283,click,2024-01-22 05:00:00
16,57,click,2024-01-22 06:00:00
65,253,save,2024-01-22 07:00:00
60,327,click,2024-01-22 08:00:00
77,127,click,2024-01-22 09:00:00
7,180,click,2024-01-22 10:00:00
68,490,click,2024-01-22 11:00:00
76,212,click,2024-01-22 12:00:00
29,326,save,2024-01-22 13:00:00
8,190,click,2024-01-22 14:00:00
54,99,click,2024-01-22 15:00:00
37,116,click,2024-01-22 16:00:00
51,302,click,2024-01-22 17:00:00
90,161,save,2024-01-22 18:00:00
38,187,save,2024-01-22 19:00:00
19,213,click,2024-01-22 20:00:00
64,242,click,2024-01-22 21:00:00
80,384,click,2024-01-22 22:00:00
35,495,click,2024-01-22 23:00:00
78,293,save,2024-01-23 00:00:00
46,173,click,2024-01-23 01:00:00
82,496,invest,2024-01-23 02:00:00
19,145,click,2024-01-23 03:00:00
90,442,click,2024-01-23 04:00:00
9,271,click,2024-01-23 05:00:00
52,7,save,2024-01-23 06:00:00
12,180,click,2024-01-23 07:00:00
65,270,save,2024-01-23 08:00:00
90,464,click,2024-01-23 09:00:00
4,155,click,2024-01-23 10:00:00
11,284,click,2024-01-23 11:00:00
85,423,save,2024-01-23 12:00:00
12,356,invest,2024-01-23 13:00:00
94,213,save,2024-01-23 14:00:00
65,426,click,2024-01-23 15:00:00
57,423,click,2024-01-23 16:00:00
25,179,click,2024-01-23 17:00:00
74,416,save,2024-01-23 18:00:00
14,13,click,2024-01-23 19:00:00
51,338,click,2024-01-23 20:00:00
98,383,invest,2024-01-23 21:00:00
78,130,click,2024-01-23 22:00:00
15,134,click,2024-01-23 23:00:00
85,389,save,2024-01-24 00:00:00
28,61,invest,2024-01-24 01:00:00
77,29,save,2024-01-24 02:00:00
86,458,click,2024-01-24 03:00:00
26,170,click,2024-01-24 04:00:00
57,122,click,2024-01-24 05:00:00
50,107,click,2024-01-24 06:00:00
40,466,save,2024-01-24 07:00:00
21,226,save,2024-01-24 08:00:00
62,43,click,2024-01-24 09:00:00
21,195,save,2024-01-24 10:00:00
49,320,invest,2024-01-24 11:00:00
83,237,click,2024-01-24 12:00:00
95,485,save,2024-01-24 13:00:00
58,27,save,2024-01-24 14:00:00
44,449,click,2024-01-24 15:00:00
86,247,click,2024-01-24 16:00:00
36,166,save,2024-01-24 17:00:00
91,498,save,2024-01-24 18:00:00
48,360,click,2024-01-24 19:00:00
14,62,save,2024-01-24 20:00:00
2,123,click,2024-01-24 21:00:00
60,340,click,2024-01-24 22:00:00
5,28,click,2024-01-24 23:00:00
73,215,invest,2024-01-25 00:00:00
73,389,click,2024-01-25 01:00:00
56,177,invest,2024-01-25 02:00:00
100,189,save,2024-01-25 03:00:00
76,107,click,2024-01-25 04:00:00
52,126,click,2024-01-25 05:00:00
25,312,click,2024-01-25 06:00:00
38,373,click,2024-01-25 07:00:00
96,146,click,2024-01-25 08:00:00
24,340,click,2024-01-25 09:00:00
66,363,click,2024-01-25 10:00:00
5,106,click,2024-01-25 11:00:00
4,293,save,2024-01-25 12:00:00
33,53,click,2024-01-25 13:00:00
21,182,click,2024-01-25 14:00:00
18,292,click,2024-01-25 15:00:00
52,319,click,2024-01-25 16:00:00
91,462,click,2024-01-25 17:00:00
55,454,click,2024-01-25 18:00:00
5,488,save,2024-01-25 19:00:00
48,30,click,2024-01-25 20:00:00
53,418,invest,2024-01-25 21:00:00
69,344,save,2024-01-25 22:00:00
65,189,click,2024-01-25 23:00:00
29,463,click,2024-01-26 00:00:00
20,179,click,2024-01-26 01:00:00
11,53,save,2024-01-26 02:00:00
33,341,save,2024-01-26 03:00:00
22,447,save,2024-01-26 04:00:00
74,402,click,2024-01-26 05:00:00
44,334,save,2024-01-26 06:00:00
17,441,click,2024-01-26 07:00:00
65,165,click,2024-01-26 08:00:00
63,182,click,2024-01-26 09:00:00
27,432,invest,2024-01-26 10:00:00
52,2,click,2024-01-26 11:00:00
45,187,click,2024-01-26 12:00:00
52,5,invest,2024-01-26 13:00:00
12,209,click,2024-01-26 14:00:00
51,242,click,2024-01-26 15:00:00
5,274,click,2024-01-26 16:00:00
75,297,click,2024-01-26 17:00:00
4,495,click,2024-01-26 18:00:00
64,319,click,2024-01-26 19:00:00
27,480,invest,2024-01-26 20:00:00
70,178,invest,2024-01-26 21:00:00
89,349,invest,2024-01-26 22:00:00
96,357,click,2024-01-26 23:00:00
91,137,click,2024-01-27 00:00:00
82,362,click,2024-01-27 01:00:00
68,352,click,2024-01-27 02:00:00
10,349,save,2024-01-27 03:00:00
23,135,click,2024-01-27 04:00:00
60,494,click,2024-01-27 05:00:00
16,140,click,2024-01-27 06:00:00
22,182,save,2024-01-27 07:00:00
95,429,save,2024-01-27 08:00:00
93,45,click,2024-01-27 09:00:00
48,426,save,2024-01-27 10:00:00
76,254,click,2024-01-27 11:00:00
70,384,click,2024-01-27 12:00:00
73,450,click,2024-01-27 13:00:00
44,164,save,2024-01-27 14:00:00
26,496,save,2024-01-27 15:00:00
19,394,invest,2024-01-27 16:00:00
63,268,click,2024-01-27 17:00:00
98,327,click,2024-01-27 18:00:00
63,183,click,2024-01-27 19:00:00
84,137,click,2024-01-27 20:00:00
19,274,invest,2024-01-27 21:00:00
96,453,save,2024-01-27 22:00:00
19,474,click,2024-01-27 23:00:00
36,236,click,2024-01-28 00:00:00
59,90,click,2024-01-28 01:00:00
62,112,click,2024-01-28 02:00:00
24,192,click,2024-01-28 03:00:00
12,484,click,2024-01-28 04:00:00
39,367,click,2024-01-28 05:00:00
51,123,click,2024-01-28 06:00:00
28,96,click,2024-01-28 07:00:00
82,16,click,2024-01-28 08:00:00
83,158,save,2024-01-28 09:00:00
71,366,click,2024-01-28 10:00:00
86,103,save,2024-01-28 11:00:00
55,159,invest,2024-01-28 12:00:00
47,416,invest,2024-01-28 13:00:00
80,441,click,2024-01-28 14:00:00
8,63,click,2024-01-28 15:00:00
91,430,save,2024-01-28 16:00:00
90,237,click,2024-01-28 17:00:00
81,148,click,2024-01-28 18:00:00
15,463,save,2024-01-28 19:00:00
53,385,save,2024-01-28 20:00:00
66,152,click,2024-01-28 21:00:00
14,287,click,2024-01-28 22:00:00
52,220,click,2024-01-28 23:00:00
57,375,click,2024-01-29 00:00:00
32,488,click,2024-01-29 01:00:00
88,110,click,2024-01-29 02:00:00
23,193,save,2024-01-29 03:00:00
100,78,click,2024-01-29 04:00:00
54,67,click,2024-01-29 05:00:00
86,145,click,2024-01-29 06:00:00
82,456,save,2024-01-29 07:00:00
91,287,click,2024-01-29 08:00:00
61,205,invest,2024-01-29 09:00:00
53,259,click,2024-01-29 10:00:00
83,7,click,2024-01-29 11:00:00
81,70,click,2024-01-29 12:00:00
78,195,click,2024-01-29 13:00:00
5,109,click,2024-01-29 14:00:00
49,63,click,2024-01-29 15:00:00
93,234,click,2024-01-29 16:00:00
61,462,click,2024-01-29 17:00:00
21,474,click,2024-01-29 18:00:00
33,1,click,2024-01-29 19:00:00
88,169,save,2024-01-29 20:00:00
53,358,click,2024-01-29 21:00:00
23,178,click,2024-01-29 22:00:00
11,39,click,2024-01-29 23:00:00
97,210,invest,2024-01-30 00:00:00
89,332,invest,2024-01-30 01:00:00
29,220,click,2024-01-30 02:00:00
84,340,click,2024-01-30 03:00:00
43,28,click,2024-01-30 04:00:00
69,399,click,2024-01-30 05:00:00
80,136,click,2024-01-30 06:00:00
62,411,click,2024-01-30 07:00:00
26,191,click,2024-01-30 08:00:00
32,109,click,2024-01-30 09:00:00
34,126,click,2024-01-30 10:00:00
13,350,invest,2024-01-30 11:00:00
35,249,save,2024-01-30 12:00:00
86,44,click,2024-01-30 13:00:00
17,372,click,2024-01-30 14:00:00
89,201,click,2024-01-30 15:00:00
32,80,click,2024-01-30 16:00:00
75,100,save,2024-01-30 17:00:00
13,37,invest,2024-01-30 18:00:00
16,12,save,2024-01-30 19:00:00
59,79,click,2024-01-30 20:00:00
72,129,save,2024-01-30 21:00:00
50,29,click,2024-01-30 22:00:00
39,293,click,2024-01-30 23:00:00
18,314,click,2024-01-31 00:00:00
54,298,click,2024-01-31 01:00:00
18,282,click,2024-01-31 02:00:00
31,290,click,2024-01-31 03:00:00
88,206,click,2024-01-31 04:00:00
32,281,save,2024-01-31 05:00:00
67,378,click,2024-01-31 06:00:00
44,206,invest,2024-01-31 07:00:00
37,357,click,2024-01-31 08:00:00
1,15,save,2024-01-31 09:00:00
86,247,click,2024-01-31 10:00:00
62,283,save,2024-01-31 11:00:00
36,220,save,2024-01-31 12:00:00
50,391,click,2024-01-31 13:00:00
84,220,invest,2024-01-31 14:00:00
80,368,click,2024-01-31 15:00:00
79,115,click,2024-01-31 16:00:00
37,286,click,2024-01-31 17:00:00
41,315,click,2024-01-31 18:00:00
27,58,click,2024-01-31 19:00:00
65,428,click,2024-01-31 20:00:00
53,114,save,2024-01-31 21:00:00
79,449,save,2024-01-31 22:00:00
20,35,save,2024-01-31 23:00:00
16,116,click,2024-02-01 00:00:00
14,359,save,2024-02-01 01:00:00
85,306,click,2024-02-01 02:00:00
79,483,click,2024-02-01 03:00:00
4,98,click,2024-02-01 04:00:00
92,437,click,2024-02-01 05:00:00
52,28,click,2024-02-01 06:00:00
91,105,invest,2024-02-01 07:00:00
88,179,click,2024-02-01 08:00:00
55,419,click,2024-02-01 09:00:00
93,100,click,2024-02-01 10:00:00
76,25,click,2024-02-01 11:00:00
81,57,save,2024-02-01 12:00:00
11,431,click,2024-02-01 13:00:00
72,56,invest,2024-02-01 14:00:00
91,287,click,2024-02-01 15:00:00
36,484,click,2024-02-01 16:00:00
62,48,save,2024-02-01 17:00:00
93,190,click,2024-02-01 18:00:00
90,47,click,2024-02-01 19:00:00
6,155,click,2024-02-01 20:00:00
95,490,click,2024-02-01 21:00:00
49,421,click,2024-02-01 22:00:00
94,373,save,2024-02-01 23:00:00
77,98,save,2024-02-02 00:00:00
74,53,click,2024-02-02 01:00:00
43,359,click,2024-02-02 02:00:00
37,148,invest,2024-02-02 03:00:00
34,321,click,2024-02-02 04:00:00
7,456,click,2024-02-02 05:00:00
76,386,save,2024-02-02 06:00:00
38,358,click,2024-02-02 07:00:00
95,176,click,2024-02-02 08:00:00
31,392,save,2024-02-02 09:00:00
87,362,save,2024-02-02 10:00:00
66,391,click,2024-02-02 11:00:00
29,296,click,2024-02-02 12:00:00
6,448,save,2024-02-02 13:00:00
68,33,click,2024-02-02 14:00:00
66,325,click,2024-02-02 15:00:00
54,283,click,2024-02-02 16:00:00
100,186,click,2024-02-02 17:00:00
39,156,click,2024-02-02 18:00:00
96,42,click,2024-02-02 19:00:00
38,132,click,2024-02-02 20:00:00
34,357,invest,2024-02-02 21:00:00
71,266,save,2024-02-02 22:00:00
38,69,click,2024-02-02 23:00:00
68,21,click,2024-02-03 00:00:00
84,462,click,2024-02-03 01:00:00
56,389,click,2024-02-03 02:00:00
30,9,save,2024-02-03 03:00:00
70,440,click,2024-02-03 04:00:00
7,467,save,2024-02-03 05:00:00
33,174,save,2024-02-03 06:00:00
12,9,invest,2024-02-03 07:00:00
65,282,click,2024-02-03 08:00:00
90,375,click,2024-02-03 09:00:00
36,258,click,2024-02-03 10:00:00
24,420,invest,2024-02-03 11:00:00
35,334,click,2024-02-03 12:00:00
40,356,click,2024-02-03 13:00:00
37,188,click,2024-02-03 14:00:00
45,412,invest,2024-02-03 15:00:00
89,155,click,2024-02-03 16:00:00
10,148,click,2024-02-03 17:00:00
2,201,save,2024-02-03 18:00:00
95,177,click,2024-02-03 19:00:00
57,147,save,2024-02-03 20:00:00
49,385,save,2024-02-03 21:00:00
35,41,click,2024-02-03 22:00:00
18,16,click,2024-02-03 23:00:00
63,271,invest,2024-02-04 00:00:00
81,313,click,2024-02-04 01:00:00
68,455,click,2024-02-04 02:00:00
65,33,click,2024-02-04 03:00:00
5,263,click,2024-02-04 04:00:00
30,413,click,2024-02-04 05:00:00
30,112,click,2024-02-04 06:00:00
42,26,click,2024-02-04 07:00:00
64,293,save,2024-02-04 08:00:00
83,467,click,2024-02-04 09:00:00
16,145,save,2024-02-04 10:00:00
38,56,save,2024-02-04 11:00:00
34,17,click,2024-02-04 12:00:00
35,338,click,2024-02-04 13:00:00
6,407,invest,2024-02-04 14:00:00
4,236,invest,2024-02-04 15:00:00
91,473,click,2024-02-04 16:00:00
69,26,click,2024-02-04 17:00:00
56,254,save,2024-02-04 18:00:00
26,265,click,2024-02-04 19:00:00
98,451,invest,2024-02-04 20:00:00
70,258,click,2024-02-04 21:00:00
9,68,click,2024-02-04 22:00:00
20,421,click,2024-02-04 23:00:00
69,73,save,2024-02-05 00:00:00
97,417,invest,2024-02-05 01:00:00
33,460,save,2024-02-05 02:00:00
73,480,click,2024-02-05 03:00:00
21,446,save,2024-02-05 04:00:00
4,341,save,2024-02-05 05:00:00
20,394,click,2024-02-05 06:00:00
45,158,invest,2024-02-05 07:00:00
63,458,save,2024-02-05 08:00:00
79,304,click,2024-02-05 09:00:00
64,263,save,2024-02-05 10:00:00
94,207,click,2024-02-05 11:00:00
41,441,click,2024-02-05 12:00:00
74,305,invest,2024-02-05 13:00:00
35,179,save,2024-02-05 14:00:00
25,79,click,2024-02-05 15:00:00
16,173,click,2024-02-05 16:00:00
40,85,click,2024-02-05 17:00:00
7,132,click,2024-02-05 18:00:00
35,383,click,2024-02-05 19:00:00
30,311,save,2024-02-05 20:00:00
61,482,click,2024-02-05 21:00:00
16,128,click,2024-02-05 22:00:00
80,30,save,2024-02-05 23:00:00
15,291,invest,2024-02-06 00:00:00
75,29,invest,2024-02-06 01:00:00
54,49,save,2024-02-06 02:00:00
50,154,click,2024-02-06 03:00:00
20,4,click,2024-02-06 04:00:00
50,475,click,2024-02-06 05:00:00
17,53,click,2024-02-06 06:00:00
53,129,save,2024-02-06 07:00:00
73,152,save,2024-02-06 08:00:00
21,79,click,2024-02-06 09:00:00
50,67,click,2024-02-06 10:00:00
66,13,save,2024-02-06 11:00:00
6,406,click,2024-02-06 12:00:00
7,257,click,2024-02-06 13:00:00
22,413,click,2024-02-06 14:00:00
47,72,invest,2024-02-06 15:00:00
86,159,click,2024-02-06 16:00:00
62,67,click,2024-02-06 17:00:00
100,20,save,2024-02-06 18:00:00
95,7,save,2024-02-06 19:00:00
54,164,click,2024-02-06 20:00:00
26,65,click,2024-02-06 21:00:00
10,190,invest,2024-02-06 22:00:00
36,425,click,2024-02-06 23:00:00
3,1,click,2024-02-07 00:00:00
27,4,click,2024-02-07 01:00:00
85,166,click,2024-02-07 02:00:00
69,414,click,2024-02-07 03:00:00
99,335,save,2024-02-07 04:00:00
65,187,click,2024-02-07 05:00:00
84,28,click,2024-02-07 06:00:00
31,492,invest,2024-02-07 07:00:00
33,293,save,2024-02-07 08:00:00
92,17,save,2024-02-07 09:00:00
3,329,click,2024-02-07 10:00:00
47,68,click,2024-02-07 11:00:00
77,20,click,2024-02-07 12:00:00
85,31,click,2024-02-07 13:00:00
95,48,click,2024-02-07 14:00:00
58,127,click,2024-02-07 15:00:00
54,93,click,2024-02-07 16:00:00
88,155,click,2024-02-07 17:00:00
50,267,invest,2024-02-07 18:00:00
95,386,click,2024-02-07 19:00:00
23,315,click,2024-02-07 20:00:00
93,192,click,2024-02-07 21:00:00
42,276,invest,2024-02-07 22:00:00
32,403,click,2024-02-07 23:00:00
18,23,click,2024-02-08 00:00:00
75,437,invest,2024-02-08 01:00:00
84,142,click,2024-02-08 02:00:00
82,21,save,2024-02-08 03:00:00
58,107,save,2024-02-08 04:00:00
9,31,save,2024-02-08 05:00:00
70,17,click,2024-02-08 06:00:00
38,403,save,2024-02-08 07:00:00
11,263,click,2024-02-08 08:00:00
69,64,click,2024-02-08 09:00:00
66,424,invest,2024-02-08 10:00:00
93,16,click,2024-02-08 11:00:00
54,267,click,2024-02-08 12:00:00
18,190,click,2024-02-08 13:00:00
29,184,click,2024-02-08 14:00:00
99,445,click,2024-02-08 15:00:00
96,18,invest,2024-02-08 16:00:00
43,378,save,2024-02-08 17:00:00
64,248,click,2024-02-08 18:00:00
28,419,click,2024-02-08 19:00:00
16,154,save,2024-02-08 20:00:00
35,286,click,2024-02-08 21:00:00
21,139,click,2024-02-08 22:00:00
95,260,click,2024-02-08 23:00:00
44,400,click,2024-02-09 00:00:00
32,242,click,2024-02-09 01:00:00
93,46,click,2024-02-09 02:00:00
14,352,click,2024-02-09 03:00:00
87,278,click,2024-02-09 04:00:00
99,1,invest,2024-02-09 05:00:00
42,46,click,2024-02-09 06:00:00
44,394,save,2024-02-09 07:00:00
9,83,click,2024-02-09 08:00:00
85,35,click,2024-02-09 09:00:00
64,107,invest,2024-02-09 10:00:00
50,367,click,2024-02-09 11:00:00
3,119,save,2024-02-09 12:00:00
97,301,click,2024-02-09 13:00:00
26,437,click,2024-02-09 14:00:00
1,316,click,2024-02-09 15:00:00
13,195,click,2024-02-09 16:00:00
99,265,save,2024-02-09 17:00:00
84,336,click,2024-02-09 18:00:00
43,18,click,2024-02-09 19:00:00
50,19,invest,2024-02-09 20:00:00
65,438,save,2024-02-09 21:00:00
59,300,save,2024-02-09 22:00:00
40,150,save,2024-02-09 23:00:00
93,445,click,2024-02-10 00:00:00
1,385,click,2024-02-10 01:00:00
6,385,invest,2024-02-10 02:00:00
91,147,save,2024-02-10 03:00:00
39,62,click,2024-02-10 04:00:00
4,352,click,2024-02-10 05:00:00
57,106,click,2024-02-10 06:00:00
47,132,click,2024-02-10 07:00:00
25,274,save,2024-02-10 08:00:00
29,131,click,2024-02-10 09:00:00
73,370,click,2024-02-10 10:00:00
38,416,click,2024-02-10 11:00:00
95,282,click,2024-02-10 12:00:00
7,485,click,2024-02-10 13:00:00
9,407,save,2024-02-10 14:00:00
74,48,click,2024-02-10 15:00:00
37,212,invest,2024-02-10 16:00:00
12,67,click,2024-02-10 17:00:00
36,303,click,2024-02-10 18:00:00
32,85,invest,2024-02-10 19:00:00
69,117,click,2024-02-10 20:00:00
32,343,click,2024-02-10 21:00:00
56,419,click,2024-02-10 22:00:00
44,17,save,2024-02-10 23:00:00
19,493,click,2024-02-11 00:00:00
18,253,invest,2024-02-11 01:00:00
32,338,click,2024-02-11 02:00:00
26,404,click,2024-02-11 03:00:00
92,167,save,2024-02-11 04:00:00
14,183,save,2024-02-11 05:00:00
44,19,save,2024-02-11 06:00:00
95,240,click,2024-02-11 07:00:00
39,7,click,2024-02-11 08:00:00
85,275,save,2024-02-11 09:00:00
52,315,click,2024-02-11 10:00:00
34,399,save,2024-02-11 11:00:00
89,20,save,2024-02-11 12:00:00
85,279,click,2024-02-11 13:00:00
75,497,save,2024-02-11 14:00:00
20,189,save,2024-02-11 15:00:00
